id,target
DTXSID9048512,-38.28973779
DTXSID8047395,-35.85672083
DTXSID4041232,-31.83722645
DTXSID5044493,-29.48875759
DTXSID7037262,-24.86300497
DTXSID6020480,-24.14254084
DTXSID0047325,-24.02960823
DTXSID4027991,-22.41506647
DTXSID4024729,-20.78096546
DTXSID1024126,-20.17404785
DTXSID2027333,-19.27543118
DTXSID3032620,-18.93140472
DTXSID0027640,-18.74862374
DTXSID9025453,-18.72832853
DTXSID5021411,-17.62705001
DTXSID2021440,-17.6149018
DTXSID6020143,-17.10312297
DTXSID6024917,-16.99901526
DTXSID6047363,-16.85392021
DTXSID2047270,-16.27240143
DTXSID5023825,-16.18121081
DTXSID2020006,-15.85680191
DTXSID8020040,-15.03675444
DTXSID7026994,-13.6223162
DTXSID7021029,-12.75913052
DTXSID1020431,-12.72553699
DTXSID3020332,-10.65723768
DTXSID9022524,-8.970396877
DTXSID9025293,-8.178371547
DTXSID1024049,-7.980764261
DTXSID2042060,-7.800372057
DTXSID0021206,-6.791602899
DTXSID2020713,-6.748070003
DTXSID6034186,-5.935613682
DTXSID6024466,-5.857727007
DTXSID8026773,-5.782547074
DTXSID1033161,-5.718374915
DTXSID0020656,-5.356107976
DTXSID0027983,-5.340776786
DTXSID5024922,-5.108671994
DTXSID3021643,-4.855237476
DTXSID1020194,-4.83635747
DTXSID5032654,-4.778267254
DTXSID2020501,-4.551512342
DTXSID9026261,-4.460036107
DTXSID2047355,-4.24806906
DTXSID1024045,-4.014409035
DTXSID1020512,-3.909643788
DTXSID3021356,-3.69491308
DTXSID6043709,-3.688849898
DTXSID5027982,-3.666796926
DTXSID7024081,-3.395385839
DTXSID2025688,-2.362459186
DTXSID7020508,-1.783178591
DTXSID5027304,-1.683975225
DTXSID7027205,-1.295147176
DTXSID3047138,-1.198957428
DTXSID1021378,-0.877853749
DTXSID2023430,-0.838004391
DTXSID1021821,-0.81034422
DTXSID1047287,-0.774603175
DTXSID1022055,-0.743264168
DTXSID1041847,-0.470565327
DTXSID0020606,-0.437478271
DTXSID4020240,-0.222663537
DTXSID1032511,0.161616166
DTXSID4025612,0.190895742
DTXSID6034924,0.265418921
DTXSID8020462,0.36293175
DTXSID3047267,0.423342451
DTXSID4021006,0.830329177
DTXSID6020359,1.020131499
DTXSID9026841,1.032266658
DTXSID2034962,1.037815839
DTXSID6047525,1.074638531
DTXSID7021653,1.169374692
DTXSID7024320,1.48248393
DTXSID3021986,1.489582657
DTXSID4041440,1.554825489
DTXSID2026238,1.63589155
DTXSID6022927,1.658337119
DTXSID3021980,1.804801705
DTXSID8020127,1.955534468
DTXSID1040742,1.956223914
DTXSID8025337,2.338547806
DTXSID9044823,2.391337502
DTXSID6020939,2.515639999
DTXSID4020666,2.87261328
DTXSID3034165,2.952179571
DTXSID1027500,2.965250965
DTXSID1041267,3.029485796
DTXSID2032637,3.086805753
DTXSID5028033,3.163630449
DTXSID9025796,3.243315241
DTXSID9026689,3.301587302
DTXSID9021976,3.302825308
DTXSID0047533,3.326164875
DTXSID1024176,3.480615547
DTXSID3042390,3.504761905
DTXSID0042379,3.520243049
DTXSID8040775,3.566932438
DTXSID1041970,3.616804507
DTXSID2029616,3.6200186
DTXSID1021403,3.850472228
DTXSID6035152,3.921236359
DTXSID3026691,4.241607372
DTXSID3047348,4.437299035
DTXSID8041955,4.487114704
DTXSID6024676,4.52199394
DTXSID1027924,4.559139785
DTXSID9033058,4.596825397
DTXSID3023897,4.659996608
DTXSID6027268,4.669955215
DTXSID6047448,4.804170189
DTXSID1047576,4.810908975
DTXSID6047286,4.824790038
DTXSID5026461,4.851724138
DTXSID8020597,4.883752457
DTXSID9021689,4.933210089
DTXSID5025152,4.992204975
DTXSID8020044,4.998369119
DTXSID6025220,5.077826725
DTXSID1047281,5.12835321
DTXSID2027412,5.230377482
DTXSID4025292,5.287762967
DTXSID8026513,5.347807266
DTXSID9021922,5.367184222
DTXSID8023890,5.443567709
DTXSID8020466,5.448458963
DTXSID1026665,5.491039427
DTXSID9021764,5.53508077
DTXSID9024691,5.54894747
DTXSID5020607,5.612019443
DTXSID8042426,5.815675499
DTXSID9021392,5.858507959
DTXSID8021272,5.983707437
DTXSID3021518,6.037995925
DTXSID4048193,6.051130932
DTXSID5026912,6.062159421
DTXSID0026258,6.066012489
DTXSID9044536,6.167962279
DTXSID8020121,6.263621719
DTXSID4021393,6.273015873
DTXSID8022828,6.292771816
DTXSID4026262,6.30721984
DTXSID8041909,6.349106071
DTXSID5029217,6.383507975
DTXSID9041861,6.414779652
DTXSID2038732,6.431185362
DTXSID6031380,6.506896552
DTXSID6022056,6.52765711
DTXSID3024368,6.598838365
DTXSID8026228,6.62055676
DTXSID2024955,6.811737343
DTXSID7037551,6.870161338
DTXSID9020112,6.872882604
DTXSID8026488,6.914999009
DTXSID2024664,7.060299848
DTXSID3047429,7.117234068
DTXSID0021123,7.132400781
DTXSID7044394,7.168965517
DTXSID2023193,7.227799228
DTXSID2021028,7.297491039
DTXSID3026564,7.359932599
DTXSID9026342,7.429590926
DTXSID7034549,7.442392155
DTXSID0021965,7.479391249
DTXSID0034722,7.481343674
DTXSID6023862,7.787542498
DTXSID0026838,7.800013209
DTXSID1029128,7.817241379
DTXSID0025864,7.847251364
DTXSID8024284,7.866196706
DTXSID6020856,7.94265233
DTXSID9034816,8.037167081
DTXSID2021288,8.08221505
DTXSID3025122,8.113677606
DTXSID8024311,8.143906021
DTXSID3024287,8.19090822
DTXSID9047259,8.192679132
DTXSID0020604,8.245780519
DTXSID5027142,8.319878142
DTXSID1026904,8.344710466
DTXSID9021477,8.460471567
DTXSID8042422,8.492481332
DTXSID5020605,8.555452544
DTXSID5024891,8.652477462
DTXSID8021519,8.734939759
DTXSID4020292,8.749482891
DTXSID1024704,8.758632306
DTXSID4041492,8.767764358
DTXSID3020627,8.774486545
DTXSID6021032,8.870941048
DTXSID3048520,8.888888889
DTXSID1026118,8.895867666
DTXSID7024821,8.896772638
DTXSID8029600,9.162225679
DTXSID9029304,9.303894994
DTXSID7042190,9.321204081
DTXSID1027550,9.328644879
DTXSID5021336,9.373195176
DTXSID3047558,9.448028674
DTXSID2041125,9.467744395
DTXSID9022607,9.472283814
DTXSID3020043,9.476447876
DTXSID4027367,9.611800752
DTXSID0047327,9.614993561
DTXSID5041487,9.649420849
DTXSID0029559,9.65112147
DTXSID5021754,9.699337523
DTXSID6045400,9.711976394
DTXSID9041815,9.819921994
DTXSID4041818,9.877042277
DTXSID9027312,9.8976368
DTXSID1020932,9.908350001
DTXSID2021866,9.919239286
DTXSID5024681,9.945857747
DTXSID9025110,10.02606429
DTXSID5041691,10.06172265
DTXSID2022171,10.06293497
DTXSID9024431,10.09500159
DTXSID0027195,10.13524264
DTXSID8026694,10.14096916
DTXSID1021877,10.22503898
DTXSID6029755,10.23322382
DTXSID9042382,10.25924601
DTXSID3025049,10.32022828
DTXSID0032493,10.36087789
DTXSID0044575,10.45054569
DTXSID2047278,10.46681848
DTXSID8021931,10.52242775
DTXSID8027581,10.54735013
DTXSID1038795,10.58239819
DTXSID1040110,10.61312741
DTXSID2042062,10.61895085
DTXSID5047611,10.64009268
DTXSID9041368,10.64065684
DTXSID6024204,10.71272529
DTXSID2044553,10.76638033
DTXSID6024882,10.82343073
DTXSID0027191,10.86770208
DTXSID5024051,10.93101221
DTXSID4021921,11.0724169
DTXSID4021842,11.09566536
DTXSID5021124,11.10268802
DTXSID9024065,11.11535402
DTXSID6047282,11.13979956
DTXSID4027282,11.18055292
DTXSID4027868,11.22013159
DTXSID7021607,11.22827016
DTXSID2025478,11.24321828
DTXSID6020224,11.25417894
DTXSID5025102,11.25684375
DTXSID0042406,11.26630498
DTXSID7029110,11.27931034
DTXSID3020910,11.36290252
DTXSID2026789,11.39291203
DTXSID8021517,11.45797705
DTXSID8020179,11.47080562
DTXSID3044833,11.56896552
DTXSID7041675,11.75057048
DTXSID8042507,11.75647523
DTXSID1023996,11.75825128
DTXSID6024206,11.7722556
DTXSID0020151,11.79132207
DTXSID3029653,11.81758688
DTXSID0021888,11.88647401
DTXSID9020792,11.89381102
DTXSID5024055,11.92523121
DTXSID2026781,11.9559101
DTXSID8041957,12.00288791
DTXSID5044576,12.09104807
DTXSID3032412,12.19178508
DTXSID9021928,12.32903478
DTXSID1041184,12.33069639
DTXSID6025014,12.37275986
DTXSID5020027,12.42641209
DTXSID7034252,12.4369166
DTXSID5034270,12.50552364
DTXSID3026223,12.61099437
DTXSID7042061,12.62860237
DTXSID6022474,12.64516129
DTXSID6041426,12.65589345
DTXSID5021837,12.66031746
DTXSID3021358,12.76219724
DTXSID8029105,12.83411243
DTXSID4020616,12.86878514
DTXSID0020311,12.90173544
DTXSID3020889,12.98972545
DTXSID0020494,13.00162445
DTXSID2027258,13.00237508
DTXSID9027364,13.03034925
DTXSID7025502,13.04710425
DTXSID5022934,13.08647731
DTXSID5021885,13.13194642
DTXSID8027246,13.13702932
DTXSID7023936,13.29055161
DTXSID0034229,13.29423806
DTXSID0034227,13.35335271
DTXSID7027837,13.37239487
DTXSID4022991,13.39534228
DTXSID5021916,13.39814032
DTXSID3020415,13.4355275
DTXSID1047528,13.4527584
DTXSID6042494,13.48720101
DTXSID5025023,13.57678881
DTXSID3024994,13.80044346
DTXSID7021605,13.8207745
DTXSID6040747,13.91746032
DTXSID5020449,13.93500819
DTXSID3036288,14.01874366
DTXSID0041484,14.02516449
DTXSID1029124,14.05103595
DTXSID2020634,14.13318621
DTXSID3024152,14.45931185
DTXSID5026259,14.53930685
DTXSID3021932,14.55197133
DTXSID8024317,14.55761879
DTXSID5024263,14.61183812
DTXSID0040701,14.65958339
DTXSID2027094,14.67111873
DTXSID9027360,14.67611336
DTXSID3035214,14.74203652
DTXSID9032535,14.83484311
DTXSID4020375,14.86306256
DTXSID8044202,15.0111305
DTXSID1021956,15.13866913
DTXSID9040342,15.15552614
DTXSID7021948,15.20750962
DTXSID9048192,15.26286702
DTXSID4022367,15.33968254
DTXSID0047290,15.39773522
DTXSID7026946,15.42284676
DTXSID2022628,15.43204168
DTXSID1048203,15.64983999
DTXSID2026864,15.72207465
DTXSID0047741,15.73707169
DTXSID5037494,15.79327357
DTXSID2021943,15.80580344
DTXSID9023380,15.84853199
DTXSID3021936,15.87166466
DTXSID3026514,15.89570489
DTXSID0032655,15.90182383
DTXSID0029761,15.92399976
DTXSID9040001,15.97760786
DTXSID6022472,16.02726696
DTXSID6027218,16.18882131
DTXSID5047538,16.33155638
DTXSID1034212,16.42700202
DTXSID1020560,16.44590984
DTXSID3022370,16.4635092
DTXSID2020890,16.55174412
DTXSID9042415,16.64761446
DTXSID8040694,17.06921518
DTXSID2022123,17.10586443
DTXSID4027997,17.22985957
DTXSID6024177,17.39759694
DTXSID7020895,17.6308879
DTXSID5026251,17.63926138
DTXSID3047633,17.68512499
DTXSID6025068,17.68533434
DTXSID6034764,17.7395278
DTXSID4029353,17.74832673
DTXSID7027540,17.82457589
DTXSID6021402,17.84780378
DTXSID5023792,17.95399235
DTXSID3036496,18.00570704
DTXSID0025816,18.46707582
DTXSID0042038,18.59166628
DTXSID6032641,18.74093662
DTXSID1047289,18.76009041
DTXSID9037539,18.92721772
DTXSID6022137,18.98297974
DTXSID0027222,19.02623645
DTXSID5041512,19.03497634
DTXSID8023632,19.04234367
DTXSID7040285,19.08064197
DTXSID0022014,19.16828509
DTXSID3026302,19.37794976
DTXSID1022267,19.44670236
DTXSID4036435,19.53134018
DTXSID6021828,19.53839897
DTXSID6034849,19.65087818
DTXSID4047127,19.77290134
DTXSID9025451,19.82355994
DTXSID8027955,19.8896942
DTXSID4020373,19.89685284
DTXSID7020716,19.91279489
DTXSID6024175,19.92104464
DTXSID1041978,19.98275862
DTXSID8042187,20.02779923
DTXSID4026842,20.20025148
DTXSID0037495,20.24758352
DTXSID0047167,20.49402713
DTXSID2040151,20.50571211
DTXSID0021389,20.76968355
DTXSID8021640,20.80110816
DTXSID2038788,20.82045129
DTXSID6020430,20.82203271
DTXSID2029325,20.85278648
DTXSID9022364,20.90879737
DTXSID7027388,21.02235627
DTXSID1047312,21.30148328
DTXSID9024699,21.40501792
DTXSID5021413,21.44883331
DTXSID9032329,21.50924199
DTXSID4024145,21.59537425
DTXSID0020575,21.60683116
DTXSID6020692,21.65455646
DTXSID0021337,21.78864009
DTXSID7047358,21.79435918
DTXSID1047368,22.0129657
DTXSID2047274,22.25274725
DTXSID6022345,22.54316839
DTXSID4022020,22.64063353
DTXSID4047628,22.68487771
DTXSID8032548,22.84631001
DTXSID4025296,23.24152962
DTXSID1032569,23.29489186
DTXSID5024182,23.30352888
DTXSID5040700,23.35682819
DTXSID5026706,23.44322344
DTXSID1021087,23.45827568
DTXSID9020827,23.80615702
DTXSID9020374,23.80635068
DTXSID8024107,23.81681153
DTXSID6021086,23.90825161
DTXSID1030606,23.95822806
DTXSID7041413,24.00197293
DTXSID8020541,24.06539013
DTXSID6023999,24.21154228
DTXSID9032327,24.24852274
DTXSID0034223,24.48961555
DTXSID0020654,24.64922389
DTXSID3034618,24.73664049
DTXSID9020877,24.77460317
DTXSID2029874,24.78664041
DTXSID4020371,24.9769292
DTXSID2026997,25.00258327
DTXSID1027899,25.03797636
DTXSID9032113,25.51388567
DTXSID5032361,25.75459734
DTXSID9020453,25.87599323
DTXSID7029611,25.99655172
DTXSID9020293,26.02292743
DTXSID5023875,26.08438792
DTXSID1032488,26.16959325
DTXSID7021655,26.28909552
DTXSID0034803,26.4652297
DTXSID0048181,26.68535746
DTXSID0047539,26.75545221
DTXSID4044828,26.81895375
DTXSID0026252,26.89648581
DTXSID9021427,26.92473118
DTXSID2026523,27.10813763
DTXSID4025662,27.29448614
DTXSID1041639,27.76216216
DTXSID1047497,28.02162162
DTXSID5020281,28.03806439
DTXSID9020372,28.04435417
DTXSID0021460,28.09096926
DTXSID6032649,28.11901606
DTXSID5021758,28.45604589
DTXSID7029661,28.50079693
DTXSID6042232,28.68346295
DTXSID6041557,28.92535107
DTXSID6043915,29.045285
DTXSID3020966,29.07449577
DTXSID7041544,29.11231825
DTXSID5044815,29.16896552
DTXSID0026967,29.24547371
DTXSID8037754,29.31811822
DTXSID6034392,29.32338477
DTXSID4042206,29.6744298
DTXSID9022366,29.7474482
DTXSID8033562,29.77368128
DTXSID5038830,29.90752663
DTXSID6027052,29.96542226
DTXSID3047265,30.03910792
DTXSID1026164,30.11103251
DTXSID3021196,30.11610412
DTXSID5021831,30.12226214
DTXSID7027833,30.2902226
DTXSID2024242,30.37706681
DTXSID8022292,30.38485589
DTXSID7032004,30.39852015
DTXSID8040222,30.51858878
DTXSID6024200,30.5726174
DTXSID1023990,30.74465706
DTXSID9029221,30.75198002
DTXSID1048201,30.81325662
DTXSID9036515,31.28661746
DTXSID4034497,31.7146706
DTXSID6024624,31.89257239
DTXSID5026889,32.11041435
DTXSID7027887,32.41080561
DTXSID1032513,32.82465892
DTXSID6048175,33.11058075
DTXSID8032544,33.16388284
DTXSID5025659,33.19129381
DTXSID6024836,33.45232234
DTXSID3032591,33.53341798
DTXSID7027461,34.10819949
DTXSID0048187,34.20293201
DTXSID6026298,34.23499577
DTXSID1021798,34.26009508
DTXSID9034818,34.26065234
DTXSID3020257,34.39157724
DTXSID0020446,34.40273255
DTXSID5044578,34.70395792
DTXSID6027921,34.72907219
DTXSID8020913,34.78095238
DTXSID1029170,34.80227032
DTXSID9034282,34.84843869
DTXSID9048198,34.91861942
DTXSID8042006,34.99942283
DTXSID7021940,35.09096123
DTXSID2034590,35.28259574
DTXSID6047280,35.52130341
DTXSID6048200,35.68456509
DTXSID5020108,36.61919847
DTXSID0029133,36.71860899
DTXSID0023951,36.7351515
DTXSID3026641,36.82690572
DTXSID5041273,36.86465937
DTXSID3034531,36.90784463
DTXSID8021804,37.26563229
DTXSID9047255,37.27195516
DTXSID1020350,37.4339695
DTXSID4020379,37.53028781
DTXSID3023899,37.54389325
DTXSID5025021,37.80759881
DTXSID1032690,37.86728564
DTXSID9048196,37.94364052
DTXSID7027916,38.02431516
DTXSID0042454,38.11236204
DTXSID3022455,38.16220644
DTXSID1027263,38.29340463
DTXSID4026183,38.52612801
DTXSID1041550,38.75517241
DTXSID4042171,38.75984997
DTXSID9034232,38.807782
DTXSID7021364,39.01776062
DTXSID9020407,39.14527581
DTXSID3034402,39.16557518
DTXSID7038864,39.25361887
DTXSID7026867,39.50263121
DTXSID0020498,39.63659847
DTXSID1022265,39.65095788
DTXSID7020479,39.70234844
DTXSID8034586,40.06280721
DTXSID8025886,40.1047318
DTXSID5047291,40.14899945
DTXSID1024259,40.18784142
DTXSID1025805,40.31512208
DTXSID5023900,40.41271105
DTXSID6024337,40.64786123
DTXSID1024255,40.68085738
DTXSID8027402,40.71821228
DTXSID9034365,40.93170876
DTXSID4042094,41.00234643
DTXSID6020014,41.03671072
DTXSID9029223,41.05115299
DTXSID7027047,41.29868438
DTXSID7026029,41.65370229
DTXSID5024845,41.69627131
DTXSID9048194,41.6969697
DTXSID7047279,41.73314356
DTXSID3020336,42.10100777
DTXSID6034928,42.55183209
DTXSID3047180,43.03187433
DTXSID3020887,43.13250709
DTXSID0022436,43.31008806
DTXSID5020152,43.34284607
DTXSID2021600,43.3437267
DTXSID9021217,43.57184951
DTXSID7021780,44.11638145
DTXSID1032640,44.69450297
DTXSID9032379,44.75036396
DTXSID1027429,44.92612338
DTXSID5048182,45.4525882
DTXSID9037745,45.67223956
DTXSID7029904,45.82429819
DTXSID1048207,45.8429133
DTXSID3034456,45.90225665
DTXSID1025857,46.07258687
DTXSID5020869,46.16143466
DTXSID4047383,46.21178376
DTXSID0035160,46.23301514
DTXSID2021947,46.31688372
DTXSID0032651,46.33093934
DTXSID8022377,46.84819959
DTXSID4032667,47.13961376
DTXSID8021808,47.35978433
DTXSID6034005,47.53408946
DTXSID8024234,47.9953998
DTXSID5035957,48.13973207
DTXSID1024338,48.3046104
DTXSID7037185,48.35993376
DTXSID8047266,48.36353503
DTXSID9027522,49.24034292
DTXSID0023296,49.27574839
DTXSID5031131,49.6344086
DTXSID0029214,49.80849984
DTXSID4024276,50.10077497
DTXSID8025595,50.27307934
DTXSID6027050,50.30364372
DTXSID1034503,51.08613392
DTXSID9025403,51.15308454
DTXSID1024174,51.23860244
DTXSID8023848,51.42730888
DTXSID4022529,51.54176611
DTXSID9032610,51.73568338
DTXSID2021995,51.7722556
DTXSID7024160,51.80502458
DTXSID1041425,52.15690993
DTXSID3024235,52.16915692
DTXSID4047252,52.24958602
DTXSID4020870,52.26248236
DTXSID0023113,52.30247816
DTXSID5041275,52.35598193
DTXSID1025300,53.08344865
DTXSID2021602,53.42349958
DTXSID5022489,53.52134573
DTXSID8040721,53.56646193
DTXSID8041298,54.03750078
DTXSID5023871,54.05723575
DTXSID9033923,54.25341574
DTXSID1034634,54.5701204
DTXSID8020628,54.8196317
DTXSID9020160,54.81977062
DTXSID0041274,54.95343681
DTXSID8035423,55.0371569
DTXSID1021160,55.14258799
DTXSID1021322,55.15289769
DTXSID1021871,55.25042103
DTXSID9024304,55.52796095
DTXSID5024261,55.73931994
DTXSID3021483,55.79512968
DTXSID0020573,55.84598254
DTXSID7026368,55.85022026
DTXSID7025132,55.98698153
DTXSID3020964,56.07743296
DTXSID7024299,56.37578145
DTXSID2040731,56.46553758
DTXSID4022731,56.58715706
DTXSID5044572,56.84007707
DTXSID0022777,56.9040445
DTXSID3020673,56.93003285
DTXSID0021597,56.93281853
DTXSID6032354,57.34298198
DTXSID7032559,57.3608084
DTXSID1020144,57.36860588
DTXSID4034609,57.40167919
DTXSID9021847,57.91622239
DTXSID4027236,57.98867553
DTXSID8022111,57.99510476
DTXSID4027656,58.70978609
DTXSID0047296,59.04283366
DTXSID0022480,59.26754322
DTXSID6034972,59.32257226
DTXSID5025607,59.48835323
DTXSID8047264,59.62516098
DTXSID7024241,59.80065538
DTXSID1037565,59.84989416
DTXSID2024163,60.22978347
DTXSID4020820,60.34694954
DTXSID4024066,60.91954023
DTXSID4027608,60.96013443
DTXSID7032553,61.07821476
DTXSID4047389,61.40648887
DTXSID1035288,61.86289372
DTXSID1023869,62.07303837
DTXSID1040372,62.22772788
DTXSID1020148,62.42161402
DTXSID7020267,62.60310564
DTXSID9047253,62.73226289
DTXSID4024018,62.77768357
DTXSID8020915,63.00112278
DTXSID6044430,63.13096216
DTXSID9036690,63.23142337
DTXSID6024888,63.3049168
DTXSID4021391,63.74516835
DTXSID3034872,63.89055408
DTXSID5047297,64.58641064
DTXSID4020450,64.60991693
DTXSID2020420,64.76056608
DTXSID7020392,65.19005679
DTXSID4032580,65.35728498
DTXSID6023523,65.9137931
DTXSID2026529,66.20736321
DTXSID7029164,66.31583849
DTXSID8032673,66.32238629
DTXSID2032552,66.83880685
DTXSID0032578,67.08793637
DTXSID1020221,67.0984127
DTXSID5023950,67.51472616
DTXSID6025143,67.57766037
DTXSID1022479,68.14215934
DTXSID7020970,68.35380693
DTXSID1026241,68.58014336
DTXSID0020943,68.97960366
DTXSID4034653,69.02283547
DTXSID4047331,69.29250203
DTXSID7021946,69.45296985
DTXSID2041252,69.5353237
DTXSID2020268,69.58222274
DTXSID5041514,69.63884791
DTXSID2021105,69.70968571
DTXSID2021781,70.78803948
DTXSID3020205,71.09535252
DTXSID5026918,71.31877391
DTXSID3041247,71.3317372
DTXSID1032309,71.82095626
DTXSID1032519,72.22019789
DTXSID8034956,72.25046397
DTXSID5042299,73.20978825
DTXSID7041623,73.64267343
DTXSID5020819,73.86831852
DTXSID8027826,74.02007722
DTXSID7020764,74.24083488
DTXSID2025505,74.51714854
DTXSID7032470,74.60388346
DTXSID0020529,74.69007594
DTXSID4020791,74.95091315
DTXSID6032516,74.97331097
DTXSID2022254,75.27832942
DTXSID6022422,75.27946713
DTXSID3022247,75.36146264
DTXSID3041663,75.37915058
DTXSID7034676,75.60920129
DTXSID8024109,75.62871513
DTXSID7032424,75.82426993
DTXSID0024216,76.00527179
DTXSID3027875,76.54827586
DTXSID8020755,76.82100239
DTXSID8029157,77.33618963
DTXSID5032365,77.73828894
DTXSID0042400,78.03867843
DTXSID7022174,78.59557706
DTXSID0044571,78.86343612
DTXSID8037752,78.9968254
DTXSID4024195,79.41326693
DTXSID1021952,79.51122311
DTXSID8024159,79.55566314
DTXSID4032459,79.68253968
DTXSID3021645,80.45970373
DTXSID6042074,80.47159799
DTXSID1025017,80.71197901
DTXSID8026698,80.81409987
DTXSID4020959,80.82875841
DTXSID2042436,81.21562496
DTXSID5047249,81.26984127
DTXSID1026033,81.28354829
DTXSID9022528,81.33892423
DTXSID0020440,81.65351564
DTXSID7022049,81.68481127
DTXSID9044825,81.69515205
DTXSID8034580,82.63252548
DTXSID2040363,82.68646279
DTXSID7032393,83.73638309
DTXSID4021975,83.84409117
DTXSID3034583,83.96287548
DTXSID7021100,84.14800655
DTXSID5034303,84.15083223
DTXSID0042167,84.27612253
DTXSID3026647,84.31918974
DTXSID2034627,84.47569634
DTXSID2034700,85.1410464
DTXSID7032555,85.15021921
DTXSID9047540,85.29870343
DTXSID3042007,85.60224745
DTXSID4021717,85.78603241
DTXSID7042011,85.86154624
DTXSID3032416,85.96614305
DTXSID3032628,86.01481198
DTXSID5034357,86.38079827
DTXSID6021030,86.68407311
DTXSID0020442,86.69774316
DTXSID4020119,86.84704456
DTXSID0021961,87.04340042
DTXSID3022409,87.73274596
DTXSID5020576,87.86031746
DTXSID4044581,87.94632241
DTXSID2034625,88.1985106
DTXSID8029153,88.20068133
DTXSID3044203,88.71480472
DTXSID7022413,88.77561153
DTXSID9048514,88.78750253
DTXSID6040795,88.88888889
DTXSID9020243,89.13080553
DTXSID5033836,89.17999595
DTXSID4021395,89.20535227
DTXSID0040707,89.36826408
DTXSID2032344,89.57136544
DTXSID3032389,89.97052614
DTXSID0021094,89.98480196
DTXSID7025895,90.0666334
DTXSID6021793,90.26503549
DTXSID2032348,90.42290749
DTXSID4027496,90.4978079
DTXSID1032359,91.02081014
DTXSID8021771,91.16012867
DTXSID9020617,91.16935845
DTXSID2021151,91.73112306
DTXSID1021243,91.8093552
DTXSID9047590,91.85609398
DTXSID8035001,92.55292959
DTXSID1020855,92.60358807
DTXSID9027441,92.65558002
DTXSID3026726,92.94152009
DTXSID2047303,92.9623771
DTXSID5023742,93.23186414
DTXSID7030307,93.50435161
DTXSID9021554,93.65213855
DTXSID0032497,93.90808187
DTXSID2020262,93.94335234
DTXSID8020620,93.98902442
DTXSID2026076,94.02106895
DTXSID2032558,94.02587561
DTXSID3021641,94.03927921
DTXSID0032605,94.14863053
DTXSID4020290,94.31745467
DTXSID9032533,94.59256536
DTXSID1032646,94.65502694
DTXSID9022360,94.67098603
DTXSID1022396,94.68875456
DTXSID4022288,94.72758621
DTXSID4021553,94.73850883
DTXSID4024436,94.84506226
DTXSID2032500,94.89291009
DTXSID2022048,95.05145997
DTXSID4022442,95.15911622
DTXSID1025726,95.23941246
DTXSID6021957,95.96895494
DTXSID7020182,96.0434313
DTXSID1026035,96.33378842
DTXSID5032600,96.3948108
DTXSID3031862,96.4041212
DTXSID5020867,96.53546726
DTXSID2029329,96.68753342
DTXSID0047957,96.74131274
DTXSID4022527,96.77970932
DTXSID2034673,96.89132483
DTXSID9041653,96.92307692
DTXSID5021388,97.0996139
DTXSID3032464,97.11075771
DTXSID0041721,97.27165932
DTXSID5022439,97.2961875
DTXSID7022332,97.51366673
DTXSID7024112,97.63592538
DTXSID7029241,97.63598749
DTXSID6021456,97.88128843
DTXSID6032514,98.01636186
DTXSID1025809,98.16500207
DTXSID3022405,98.25844347
DTXSID7025217,98.3876652
DTXSID2029298,98.38957508
DTXSID2020688,98.39578895
DTXSID4032613,98.41964641
DTXSID1038321,98.77457965
DTXSID2027593,98.77932784
DTXSID4042416,98.79365079
DTXSID6024046,98.81448633
DTXSID7020683,98.85031042
DTXSID4036229,98.8681944
DTXSID2025680,98.98715636
DTXSID8023719,99.01857884
DTXSID8034324,99.23348018
DTXSID4024193,99.31737205
DTXSID1038666,99.35252404
DTXSID3037707,99.44639833
DTXSID7024035,99.44886858
DTXSID6032352,99.64754704
DTXSID0024000,99.67233908
DTXSID3038808,99.73330936
DTXSID5021386,99.98305429
DTXSID7025429,100.0835776
DTXSID3020209,100.0883036
DTXSID2037712,100.2396811
DTXSID0021125,100.2485136
DTXSID1022508,100.2824372
DTXSID7037717,100.7015005
DTXSID4022446,100.872136
DTXSID7021152,100.8847375
DTXSID1020807,100.9562014
DTXSID2041703,101.0731707
DTXSID9047594,101.2892805
DTXSID8047553,101.3771755
DTXSID1032484,101.6379367
DTXSID9020740,101.7060932
DTXSID3022162,101.8368449
DTXSID3027877,101.9150016
DTXSID2022381,101.9893555
DTXSID1048174,102.0547744
DTXSID1037303,102.1818419
DTXSID6041719,102.2499081
DTXSID1026031,102.2856473
DTXSID3037709,102.4436869
DTXSID9022312,102.4513272
DTXSID6023159,102.4757709
DTXSID4020458,102.7779406
DTXSID3031860,102.8531882
DTXSID0020022,102.9043768
DTXSID3025091,102.9076325
DTXSID3041530,102.956318
DTXSID6022391,102.9588534
DTXSID4022523,103.0111993
DTXSID0021834,103.0410661
DTXSID3022536,103.0545157
DTXSID2044713,103.0652447
DTXSID3038939,103.0823032
DTXSID8022408,103.1453744
DTXSID3020465,103.2
DTXSID9022526,103.2400343
DTXSID9034492,103.3406817
DTXSID5041726,103.3685571
DTXSID4024359,103.415873
DTXSID8031865,103.5469141
DTXSID2027963,103.9231338
DTXSID8037708,104.2461399
DTXSID8037706,104.2610502
DTXSID4034576,104.3015521
DTXSID4042418,104.458726
DTXSID8031863,104.705406
DTXSID8022959,104.7406336
DTXSID5021201,104.7744361
DTXSID0042169,104.857354
DTXSID3031864,104.8813908
DTXSID2045232,104.9693891
DTXSID7024245,104.9739642
DTXSID6021959,104.9943168
DTXSID5020154,104.9963176
DTXSID7025003,105.0092639
DTXSID5048186,105.0300418
DTXSID3021770,105.2011747
DTXSID4047882,105.2951542
DTXSID7047306,105.373969
DTXSID6021824,105.453933
DTXSID0022353,105.6841264
DTXSID5024059,105.7199789
DTXSID1026081,105.7623001
DTXSID5032498,106.0030698
DTXSID6032518,106.6303749
DTXSID8022406,106.9894442
DTXSID6020511,107.6837499
DTXSID9021138,108.1405054
DTXSID5047451,108.344656
DTXSID0020523,108.4209547
DTXSID5022437,108.5662786
DTXSID7032551,108.7404655
DTXSID6021082,108.8425064
DTXSID1021031,108.8844668
DTXSID3020207,109.00626
DTXSID1042154,109.087907
DTXSID0041646,109.6030645
DTXSID1022053,109.9147211
DTXSID5038888,110.3187433
DTXSID1020485,110.4487223
DTXSID1020069,111.0035784
DTXSID3040352,111.08062
